{"chunk_definitions":[{"row":23,"row_count":1,"visible":true,"expansion_state":0,"options":{"engine":"r","label":"gols-por-clube","echo":false,"dev":"png"},"document_id":"314EADB8","chunk_id":"cvwq403mo5ytd","chunk_label":"gols-por-clube"},{"row":38,"row_count":1,"visible":true,"expansion_state":0,"options":{"engine":"r","label":"finalizacoes","echo":false,"dev":"png"},"document_id":"314EADB8","chunk_id":"c712aeqmjbbqx","chunk_label":"finalizacoes"},{"row":56,"row_count":1,"visible":true,"expansion_state":0,"options":{"engine":"r","label":"cartoes-por-clube","echo":false,"dev":"png"},"document_id":"314EADB8","chunk_id":"cz8smmeftqr8s","chunk_label":"cartoes-por-clube"},{"row":96,"row_count":1,"visible":true,"expansion_state":0,"options":{"engine":"r","label":"posse-e-precisao","echo":false,"dev":"png"},"document_id":"314EADB8","chunk_id":"cw79bj678aw20","chunk_label":"posse-e-precisao"}],"doc_write_time":1714487421,"chunk_rendered_width":451}