{"chunk_definitions":[{"row":18,"row_count":1,"visible":true,"expansion_state":0,"options":{"engine":"r","label":"unnamed-chunk-3","dev":"png"},"document_id":"11CAF175","chunk_id":"ccts5z3xj6b72","chunk_label":"unnamed-chunk-1"},{"row":27,"row_count":1,"visible":true,"expansion_state":0,"options":{"engine":"r","label":"unnamed-chunk-2","dev":"png"},"document_id":"11CAF175","chunk_id":"ct0tyygma2w64","chunk_label":"unnamed-chunk-2"},{"row":32,"row_count":1,"visible":true,"expansion_state":0,"options":{"engine":"r","label":"unnamed-chunk-10","dev":"png"},"document_id":"11CAF175","chunk_id":"c64nxdii814p0","chunk_label":"unnamed-chunk-3"},{"row":58,"row_count":1,"visible":true,"expansion_state":0,"options":{"engine":"r","label":"unnamed-chunk-48","dev":"png"},"document_id":"11CAF175","chunk_id":"cp0z2qwyp4jfg","chunk_label":"unnamed-chunk-4"},{"row":77,"row_count":1,"visible":true,"expansion_state":0,"options":{"engine":"r","label":"unnamed-chunk-49","dev":"png"},"document_id":"11CAF175","chunk_id":"covb5f8w9q3t2","chunk_label":"unnamed-chunk-5"},{"row":99,"row_count":1,"visible":true,"expansion_state":0,"options":{"engine":"r","label":"unnamed-chunk-10","dev":"png"},"document_id":"11CAF175","chunk_id":"csm4ao7sfw69i","chunk_label":"unnamed-chunk-6"},{"row":130,"row_count":1,"visible":true,"expansion_state":0,"options":{"engine":"r","label":"unnamed-chunk-9","dev":"png"},"document_id":"11CAF175","chunk_id":"czajrsnw2h99y","chunk_label":"unnamed-chunk-7"}],"doc_write_time":1714787716,"chunk_rendered_width":681}